{
    "distribution": [
        0.37648677745294623,
        0.22910231521085328,
        0.143322672841394,
        0.05006265848605524,
        0.041638405686452544,
        0.08905969170679648,
        0.020925835338276258,
        0.018276944481113503,
        0.013606842603569426,
        0.017517856192543004
    ],
    "distribution(amount)": [
        2795.04345703125,
        1700.8590087890625,
        1064.0296630859375,
        371.6659240722656,
        309.1241455078125,
        661.1804809570312,
        155.3537139892578,
        135.6883087158203,
        101.01740264892578,
        130.05282592773438
    ]
}