{
    "distribution": [
        0.3609132348704749,
        0.2051316235104324,
        0.17209175433348442,
        0.06382607753882225,
        0.04029821675010233,
        0.04185614434478669,
        0.01056160567093093,
        0.018294068482242038,
        0.025238123256154217,
        0.061789151242569826
    ],
    "distribution(amount)": [
        2679.423583984375,
        1522.8992919921875,
        1277.6109619140625,
        473.845458984375,
        299.17437744140625,
        310.7404479980469,
        78.40946960449219,
        135.8153533935547,
        187.3680877685547,
        458.7232971191406
    ]
}