{
    "distribution": [
        0.0929972035636378,
        0.11023679997916386,
        0.04240885964155918,
        0.031485567848308686,
        0.04262333772089318,
        0.054644637577756526,
        0.0814037047684574,
        0.13416206485893414,
        0.18846690661114046,
        0.22157091743014878
    ],
    "distribution(amount)": [
        690.4111938476562,
        818.39794921875,
        314.8433532714844,
        233.74884033203125,
        316.4356384277344,
        405.6817626953125,
        604.341064453125,
        996.0191040039062,
        1399.17822265625,
        1644.9423828125
    ]
}