{
    "distribution": [
        0.3934707229918513,
        0.25737285049718434,
        0.11993374489654204,
        0.04359052811637261,
        0.04715660452909442,
        0.03054586441823066,
        0.028757085680573224,
        0.024762364433091197,
        0.04911930307261691,
        0.00529093136444332
    ],
    "distribution(amount)": [
        2921.133056640625,
        1910.740234375,
        890.3900756835938,
        323.6167907714844,
        350.0914001464844,
        226.7729949951172,
        213.49307250976562,
        183.83619689941406,
        364.6625061035156,
        39.27996063232422
    ]
}