{
    "distribution": [
        0.040030076421416726,
        0.14421679996532902,
        0.030954745181861643,
        0.035445287164140214,
        0.011965280927603487,
        0.07867137284660597,
        0.0764307068280898,
        0.141348262731995,
        0.20196584092351552,
        0.23897162700944263
    ],
    "distribution(amount)": [
        297.18328857421875,
        1070.66552734375,
        229.8080291748047,
        263.14581298828125,
        88.83024597167969,
        584.0562744140625,
        567.4215698242188,
        1049.3695068359375,
        1499.3944091796875,
        1774.1253662109375
    ]
}