{
    "distribution": [0.18624025799516258, 0.14686912120397744, 0.01276538564901908, 0.027546358505778017, 0.03937113679118517, 0.05764579414135985, 0.06624563289438323, 0.13679118516527816, 0.11556033324375167, 0.21096479441010482],
    "distribution(amount)": [1386, 1093, 95, 205, 293, 429, 493, 1018, 860, 1570]
}