{
    "distribution": [
        0.07618872441197912,
        0.11747627117397923,
        0.08677137155269199,
        0.0934267010778191,
        0.0853700826652442,
        0.12163308178683745,
        0.10268961065190504,
        0.11720623482140816,
        0.07666444452562897,
        0.12257347733250674
    ],
    "distribution(amount)": [
        2282.00634765625,
        3518.65185546875,
        2598.97802734375,
        2798.318603515625,
        2557.006591796875,
        3643.15673828125,
        3075.761474609375,
        3510.563720703125,
        2296.255126953125,
        3671.323486328125
    ]
}