{
    "distribution": [
        0.1116029848732963,
        0.1283764971518382,
        0.029408614304073252,
        0.0516055883631751,
        0.050132523225336116,
        0.03213432865009687,
        0.111403346301489,
        0.11156769070088067,
        0.16209778925438995,
        0.21167063717542456
    ],
    "distribution(amount)": [
        828.54052734375,
        953.0670776367188,
        218.3295440673828,
        383.119873046875,
        372.183837890625,
        238.56524658203125,
        827.0584106445312,
        828.2785034179688,
        1203.4139404296875,
        1571.4427490234375
    ]
}