{
    "distribution": [
        0.38568109509139115,
        0.23142396843855528,
        0.140109322593285,
        0.07602739991601327,
        0.053628705195032815,
        0.03522158396369411,
        0.015625219197695148,
        0.027323687947410386,
        0.017765311664530017,
        0.01719370599239281
    ],
    "distribution(amount)": [
        2863.300537109375,
        1718.093994140625,
        1040.173095703125,
        564.42822265625,
        398.14007568359375,
        261.48541259765625,
        116.00179290771484,
        202.85134887695312,
        131.88986206054688,
        127.64625549316406
    ]
}