{
    "distribution": [
        0.11182466524099481,
        0.11815662803758846,
        0.14385763471009844,
        0.05994740031893546,
        0.08594146609521928,
        0.11291645070265736,
        0.1208859857279764,
        0.08521575284932396,
        0.10226914604006856,
        0.05898487027713727
    ],
    "distribution(amount)": [
        3349.373779296875,
        3539.02880859375,
        4308.82568359375,
        1795.5452880859375,
        2574.119873046875,
        3382.074951171875,
        3620.778564453125,
        2552.38330078125,
        3063.166748046875,
        1766.715576171875
    ]
}