{
    "distribution": [0.13994451686219458, 0.11200240649754337, 0.08222199939837561, 0.11400782111701595, 0.10511714963735419, 0.08242254086032287, 0.09552458304087703, 0.10144055616832114, 0.08345867174705036, 0.08385975467094488],
    "distribution(amount)": [4187, 3351, 2460, 3411, 3145, 2466, 2858, 3035, 2497, 2509]
}