{
    "distribution": [
        0.08179931292270988,
        0.14789172593746178,
        0.010827595138875263,
        0.030411882796035912,
        0.04535175729778595,
        0.03963973355907433,
        0.09578831664129854,
        0.21613547186988818,
        0.19435851753182495,
        0.13779568630504518
    ],
    "distribution(amount)": [
        607.2781372070312,
        1097.9482421875,
        80.38407135009766,
        225.77783203125,
        336.69146728515625,
        294.285400390625,
        711.1325073242188,
        1604.58984375,
        1442.917724609375,
        1022.9952392578125
    ]
}