{
    "distribution": [
        0.10728868804026089,
        0.10753968361678684,
        0.0994528462713349,
        0.07958331816217376,
        0.08458958481901677,
        0.08214866037703199,
        0.1322793312352343,
        0.11387616243584699,
        0.12162136442264819,
        0.0716203606196654
    ],
    "distribution(amount)": [
        3213.511962890625,
        3221.02978515625,
        2978.812744140625,
        2383.680419921875,
        2533.628173828125,
        2460.517578125,
        3962.031982421875,
        3410.820068359375,
        3642.804443359375,
        2145.173828125
    ]
}