{
    "distribution": [
        0.10425070408850616,
        0.12938039559373293,
        0.11491926701761868,
        0.06147347188830049,
        0.0924000663822273,
        0.096805860676877,
        0.12477451724535928,
        0.13500328976755135,
        0.09100899029241437,
        0.04998343704741243
    ],
    "distribution(amount)": [
        3122.518310546875,
        3875.203125,
        3442.063232421875,
        1841.254150390625,
        2767.56787109375,
        2899.5302734375,
        3737.247802734375,
        4043.6201171875,
        2725.90234375,
        1497.1044921875
    ]
}